{"episode_rewards": [0.9550000000001077, 27.95100000000035, -6.602999999999695], "episode_lengths": [498, 1019, 657], "coverage_ratio": [0.16, 0.3825, 0.1825], "path_efficiency": [1.2475, 2.55, 1.645], "revisit_ratio": [172.5751503006012, 62.6, 127.61398176291793], "cleaning_time": []}