{
  "episode_rewards": [
    -433.14999999999367
  ],
  "episode_lengths": [
    3000
  ],
  "coverage_ratio": [
    0.24480578139114725
  ],
  "path_efficiency": [
    2.7109304426377596
  ],
  "revisit_ratio": [
    79.84838387204265
  ],
  "cleaning_time": [],
  "action_distributions": [
    [
      0.25766666666666665,
      0.4056666666666667,
      0.33666666666666667
    ]
  ],
  "episodes_detail": [
    {
      "episode": 1,
      "steps": 3000,
      "total_reward": -433.14999999999367,
      "action_distribution": {
        "forward": 0.25766666666666665,
        "left": 0.4056666666666667,
        "right": 0.33666666666666667
      },
      "coverage_ratio": 0.24480578139114725,
      "path_efficiency": 2.7109304426377596,
      "revisit_ratio": 79.84838387204265
    }
  ]
}