{
  "episode_rewards": [
    -482.6259999999858,
    -153.9310000000005,
    -110.51600000000025,
    -184.19200000000066,
    -155.98500000000047
  ],
  "episode_lengths": [
    3000,
    374,
    211,
    360,
    446
  ],
  "coverage_ratio": [
    0.7551020408163265,
    0.2222222222222222,
    0.06666666666666667,
    0.07317073170731707,
    0.024390243902439025
  ],
  "path_efficiency": [
    8.088948787061994,
    1.0107816711590296,
    0.572972972972973,
    0.9730458221024259,
    1.2016129032258065
  ],
  "revisit_ratio": [
    11.785738087304232,
    231.35733333333334,
    449.52830188679246,
    254.47368421052633,
    186.8076062639821
  ],
  "cleaning_time": [],
  "action_distributions": [
    [
      0.344,
      0.33866666666666667,
      0.31733333333333336
    ],
    [
      0.6470588235294118,
      0.1443850267379679,
      0.20855614973262032
    ],
    [
      0.7867298578199052,
      0.07582938388625593,
      0.13744075829383887
    ],
    [
      0.6277777777777778,
      0.20833333333333334,
      0.1638888888888889
    ],
    [
      0.5874439461883408,
      0.2242152466367713,
      0.18834080717488788
    ]
  ],
  "episodes_detail": [
    {
      "episode": 1,
      "steps": 3000,
      "total_reward": -482.6259999999858,
      "action_distribution": {
        "forward": 0.344,
        "left": 0.33866666666666667,
        "right": 0.31733333333333336
      },
      "coverage_ratio": 0.7551020408163265,
      "path_efficiency": 8.088948787061994,
      "revisit_ratio": 11.785738087304232
    },
    {
      "episode": 2,
      "steps": 374,
      "total_reward": -153.9310000000005,
      "action_distribution": {
        "forward": 0.6470588235294118,
        "left": 0.1443850267379679,
        "right": 0.20855614973262032
      },
      "coverage_ratio": 0.2222222222222222,
      "path_efficiency": 1.0107816711590296,
      "revisit_ratio": 231.35733333333334
    },
    {
      "episode": 3,
      "steps": 211,
      "total_reward": -110.51600000000025,
      "action_distribution": {
        "forward": 0.7867298578199052,
        "left": 0.07582938388625593,
        "right": 0.13744075829383887
      },
      "coverage_ratio": 0.06666666666666667,
      "path_efficiency": 0.572972972972973,
      "revisit_ratio": 449.52830188679246
    },
    {
      "episode": 4,
      "steps": 360,
      "total_reward": -184.19200000000066,
      "action_distribution": {
        "forward": 0.6277777777777778,
        "left": 0.20833333333333334,
        "right": 0.1638888888888889
      },
      "coverage_ratio": 0.07317073170731707,
      "path_efficiency": 0.9730458221024259,
      "revisit_ratio": 254.47368421052633
    },
    {
      "episode": 5,
      "steps": 446,
      "total_reward": -155.98500000000047,
      "action_distribution": {
        "forward": 0.5874439461883408,
        "left": 0.2242152466367713,
        "right": 0.18834080717488788
      },
      "coverage_ratio": 0.024390243902439025,
      "path_efficiency": 1.2016129032258065,
      "revisit_ratio": 186.8076062639821
    }
  ]
}