{
  "episode_rewards": [
    -111.69900000000023
  ],
  "episode_lengths": [
    155
  ],
  "coverage_ratio": [
    0.030303030303030304
  ],
  "path_efficiency": [
    0.42162162162162165
  ],
  "revisit_ratio": [
    630.2307692307693
  ],
  "cleaning_time": [],
  "action_distributions": [
    [
      0.9096774193548387,
      0.01935483870967742,
      0.07096774193548387
    ]
  ],
  "episodes_detail": [
    {
      "episode": 1,
      "steps": 155,
      "total_reward": -111.69900000000023,
      "action_distribution": {
        "forward": 0.9096774193548387,
        "left": 0.01935483870967742,
        "right": 0.07096774193548387
      },
      "coverage_ratio": 0.030303030303030304,
      "path_efficiency": 0.42162162162162165,
      "revisit_ratio": 630.2307692307693
    }
  ]
}