{
  "episode_rewards": [
    -262.9240000000014,
    -79.26099999999994,
    -57.485999999999876,
    -117.05699999999997,
    -118.65700000000045
  ],
  "episode_lengths": [
    1468,
    488,
    258,
    253,
    274
  ],
  "coverage_ratio": [
    0.3288409703504043,
    0.22371967654986524,
    0.14016172506738545,
    0.058981233243967826,
    0.04289544235924933
  ],
  "path_efficiency": [
    3.9595687331536387,
    1.3180592991913747,
    0.6981132075471698,
    0.6809651474530831,
    0.7372654155495979
  ],
  "revisit_ratio": [
    49.17426820966644,
    166.13701431492842,
    343.42471042471044,
    380.40157480314963,
    357.01454545454544
  ],
  "cleaning_time": [],
  "action_distributions": [
    [
      0.44686648501362397,
      0.2574931880108992,
      0.2956403269754768
    ],
    [
      0.42008196721311475,
      0.07581967213114754,
      0.5040983606557377
    ],
    [
      0.810077519379845,
      0.015503875968992248,
      0.1744186046511628
    ],
    [
      0.16205533596837945,
      0.49407114624505927,
      0.3438735177865613
    ],
    [
      0.6058394160583942,
      0.16423357664233576,
      0.22992700729927007
    ]
  ],
  "episodes_detail": [
    {
      "episode": 1,
      "steps": 1468,
      "total_reward": -262.9240000000014,
      "action_distribution": {
        "forward": 0.44686648501362397,
        "left": 0.2574931880108992,
        "right": 0.2956403269754768
      },
      "coverage_ratio": 0.3288409703504043,
      "path_efficiency": 3.9595687331536387,
      "revisit_ratio": 49.17426820966644
    },
    {
      "episode": 2,
      "steps": 488,
      "total_reward": -79.26099999999994,
      "action_distribution": {
        "forward": 0.42008196721311475,
        "left": 0.07581967213114754,
        "right": 0.5040983606557377
      },
      "coverage_ratio": 0.22371967654986524,
      "path_efficiency": 1.3180592991913747,
      "revisit_ratio": 166.13701431492842
    },
    {
      "episode": 3,
      "steps": 258,
      "total_reward": -57.485999999999876,
      "action_distribution": {
        "forward": 0.810077519379845,
        "left": 0.015503875968992248,
        "right": 0.1744186046511628
      },
      "coverage_ratio": 0.14016172506738545,
      "path_efficiency": 0.6981132075471698,
      "revisit_ratio": 343.42471042471044
    },
    {
      "episode": 4,
      "steps": 253,
      "total_reward": -117.05699999999997,
      "action_distribution": {
        "forward": 0.16205533596837945,
        "left": 0.49407114624505927,
        "right": 0.3438735177865613
      },
      "coverage_ratio": 0.058981233243967826,
      "path_efficiency": 0.6809651474530831,
      "revisit_ratio": 380.40157480314963
    },
    {
      "episode": 5,
      "steps": 274,
      "total_reward": -118.65700000000045,
      "action_distribution": {
        "forward": 0.6058394160583942,
        "left": 0.16423357664233576,
        "right": 0.22992700729927007
      },
      "coverage_ratio": 0.04289544235924933,
      "path_efficiency": 0.7372654155495979,
      "revisit_ratio": 357.01454545454544
    }
  ]
}