{"episode_rewards": [-25.438000000000034, -32.79799999999992, -26.75600000000001], "episode_lengths": [284, 728, 402], "coverage_ratio": [0.0975, 0.1725, 0.1575], "path_efficiency": [0.7125, 1.8225, 1.0075], "revisit_ratio": [323.86315789473684, 116.6872427983539, 214.0818858560794], "cleaning_time": []}