{
  "episode": 5,
  "steps": 871,
  "total_reward": -256.3820000000013,
  "action_distribution": {
    "forward": 0.521239954075775,
    "left": 0.2571756601607348,
    "right": 0.22158438576349024
  },
  "coverage_ratio": 0.2775,
  "path_efficiency": 2.18,
  "revisit_ratio": 85.38532110091744
}